{
  "config": "{\"version\":\"5.55\",\"themeCollection\":{\"baseTheme\":{\"name\":\"CY24SU06\",\"version\":\"5.56\",\"type\":2}},\"activeSectionIndex\":0,\"defaultDrillFilterOtherVisuals\":true,\"linguisticSchemaSyncVersion\":0,\"settings\":{\"useNewFilterPaneExperience\":true,\"allowChangeFilterTypes\":true,\"useStylableVisualContainerHeader\":true,\"queryLimitOption\":6,\"useEnhancedTooltips\":true,\"exportDataMode\":1,\"useDefaultAggregateDisplayName\":true,\"allowInlineExploration\":true},\"objects\":{\"section\":[{\"properties\":{\"verticalAlignment\":{\"expr\":{\"Literal\":{\"Value\":\"'Top'\"}}}}}],\"outspacePane\":[{\"properties\":{\"expanded\":{\"expr\":{\"Literal\":{\"Value\":\"false\"}}}}}]},\"creationSource\":\"QuickCreate\"}",
  "layoutOptimization": 0,
  "resourcePackages": [
    {
      "resourcePackage": {
        "disabled": false,
        "items": [
          {
            "name": "CY24SU06",
            "path": "BaseThemes/CY24SU06.json",
            "type": 202
          }
        ],
        "name": "SharedResources",
        "type": 2
      }
    }
  ],
  "sections": [
    {
      "config": "{\"dynamicConfig\":{\"quickExplore\":{\"selectedFields\":[{\"Column\":{\"Expression\":{\"SourceRef\":{\"Entity\":\"gold_date\"}},\"Property\":\"BusinessDate\"}},{\"Aggregation\":{\"Expression\":{\"SourceRef\":{\"Entity\":\"gold_fact_sale\"}},\"Function\":2}},{\"Aggregation\":{\"Expression\":{\"Column\":{\"Expression\":{\"SourceRef\":{\"Entity\":\"gold_fact_sale\"}},\"Property\":\"Profit\"}},\"Function\":0}}],\"visualContainerConfigurations\":[{\"name\":\"76e7370c47d9fcb08256\",\"fields\":[{\"Aggregation\":{\"Expression\":{\"SourceRef\":{\"Entity\":\"gold_fact_sale\"}},\"Function\":2}}]},{\"name\":\"9b109b60211e6139aaaa\",\"fields\":[{\"Aggregation\":{\"Expression\":{\"Column\":{\"Expression\":{\"SourceRef\":{\"Entity\":\"gold_fact_sale\"}},\"Property\":\"Profit\"}},\"Function\":0}}]},{\"name\":\"4b516290c0728bfcd431\",\"fields\":[{\"Column\":{\"Expression\":{\"SourceRef\":{\"Entity\":\"gold_date\"}},\"Property\":\"BusinessDate\"}},{\"Aggregation\":{\"Expression\":{\"SourceRef\":{\"Entity\":\"gold_fact_sale\"}},\"Function\":2}},{\"Aggregation\":{\"Expression\":{\"Column\":{\"Expression\":{\"SourceRef\":{\"Entity\":\"gold_fact_sale\"}},\"Property\":\"Profit\"}},\"Function\":0}}]},{\"name\":\"15b9863b4be70ef83c4b\",\"fields\":[{\"Column\":{\"Expression\":{\"SourceRef\":{\"Entity\":\"gold_fact_sale\"}},\"Property\":\"Shipping_Date\"}},{\"Aggregation\":{\"Expression\":{\"Column\":{\"Expression\":{\"SourceRef\":{\"Entity\":\"gold_fact_sale\"}},\"Property\":\"Profit\"}},\"Function\":0}}]},{\"name\":\"13b9a15846d0a1213262\",\"fields\":[{\"Column\":{\"Expression\":{\"SourceRef\":{\"Entity\":\"gold_fact_sale\"}},\"Property\":\"Order_Date\"}},{\"Aggregation\":{\"Expression\":{\"Column\":{\"Expression\":{\"SourceRef\":{\"Entity\":\"gold_fact_sale\"}},\"Property\":\"Profit\"}},\"Function\":0}}]},{\"name\":\"c31f582655fd25342f5b\",\"fields\":[{\"Column\":{\"Expression\":{\"SourceRef\":{\"Entity\":\"gold_fact_sale\"}},\"Property\":\"Shipping_Date\"}},{\"Aggregation\":{\"Expression\":{\"SourceRef\":{\"Entity\":\"gold_fact_sale\"}},\"Function\":2}}]},{\"name\":\"f097148083b63b650ec1\",\"fields\":[]},{\"name\":\"d1199911159672adeb81\",\"fields\":[]},{\"name\":\"253a9fd70cab24d1b938\",\"fields\":[]},{\"name\":\"2858e437d4b8c24beb64\",\"fields\":[]},{\"name\":\"2a629f9bf3e3b669bf1b\",\"fields\":[]},{\"name\":\"0b65369d65380cd941bf\",\"fields\":[]},{\"name\":\"f8d8f546c5ccedbb08d1\",\"fields\":[]},{\"name\":\"becc6934db9c3c120f85\",\"fields\":[]}],\"layout\":{\"related\":{\"version\":1}}}}}",
      "displayName": "Page 1",
      "displayOption": 1,
      "filters": "[]",
      "height": 720.00,
      "name": "b0e376134eb653de3c72",
      "visualContainers": [
        {
          "config": "{\"name\":\"0b65369d65380cd941bf\",\"layouts\":[{\"id\":0,\"position\":{\"x\":12,\"y\":2,\"height\":39,\"width\":306,\"tabOrder\":8000,\"z\":13000}}],\"singleVisual\":{\"visualType\":\"textbox\",\"drillFilterOtherVisuals\":true,\"objects\":{\"general\":[{\"properties\":{\"paragraphs\":[{\"textRuns\":[{\"value\":\"Quick summary\",\"textStyle\":{\"fontSize\":\"16pt\"}}]}]}}]},\"vcObjects\":{}}}",
          "filters": "[]",
          "height": 39.00,
          "width": 306.00,
          "x": 12.00,
          "y": 2.00,
          "z": 13000.00
        },
        {
          "config": "{\"name\":\"13b9a15846d0a1213262\",\"layouts\":[{\"id\":0,\"position\":{\"width\":289,\"height\":282,\"x\":654,\"y\":414,\"tabOrder\":1000,\"z\":6000}}],\"singleVisual\":{\"visualType\":\"lineChart\",\"projections\":{\"Category\":[{\"queryRef\":\"gold_fact_sale.Order_Date\",\"active\":true}],\"Y\":[{\"queryRef\":\"Sum(gold_fact_sale.Profit)\"}]},\"prototypeQuery\":{\"Version\":2,\"From\":[{\"Name\":\"g\",\"Entity\":\"gold_fact_sale\",\"Type\":0}],\"Select\":[{\"Column\":{\"Expression\":{\"SourceRef\":{\"Source\":\"g\"}},\"Property\":\"Order_Date\"},\"Name\":\"gold_fact_sale.Order_Date\",\"NativeReferenceName\":\"Order_Date\"},{\"Aggregation\":{\"Expression\":{\"Column\":{\"Expression\":{\"SourceRef\":{\"Source\":\"g\"}},\"Property\":\"Profit\"}},\"Function\":0},\"Name\":\"Sum(gold_fact_sale.Profit)\",\"NativeReferenceName\":\"Sum of Profit\"}],\"OrderBy\":[{\"Direction\":1,\"Expression\":{\"Column\":{\"Expression\":{\"SourceRef\":{\"Source\":\"g\"}},\"Property\":\"Order_Date\"}}}]},\"columnProperties\":{\"Sum(gold_fact_sale.Profit)\":{\"displayName\":\"Sum of Profit\"}},\"drillFilterOtherVisuals\":true,\"objects\":{\"labels\":[{\"properties\":{\"show\":{\"expr\":{\"Literal\":{\"Value\":\"false\"}}}}}],\"dataPoint\":[{\"properties\":{\"fill\":{\"solid\":{\"color\":{\"expr\":{\"ThemeDataColor\":{\"ColorId\":3,\"Percent\":0}}}}}},\"selector\":{\"metadata\":\"Sum(gold_fact_sale.Profit)\"}}]},\"vcObjects\":{\"visualHeader\":[{\"properties\":{\"showCopyVisualImageButton\":{\"expr\":{\"Literal\":{\"Value\":\"false\"}}},\"showFilterRestatementButton\":{\"expr\":{\"Literal\":{\"Value\":\"false\"}}},\"showFocusModeButton\":{\"expr\":{\"Literal\":{\"Value\":\"false\"}}},\"showPinButton\":{\"expr\":{\"Literal\":{\"Value\":\"false\"}}}}}]}}}",
          "filters": "[]",
          "height": 282.00,
          "width": 289.00,
          "x": 654.00,
          "y": 414.00,
          "z": 6000.00
        },
        {
          "config": "{\"name\":\"15b9863b4be70ef83c4b\",\"layouts\":[{\"id\":0,\"position\":{\"width\":606,\"height\":282,\"x\":654,\"y\":96,\"tabOrder\":2000,\"z\":7000}}],\"singleVisual\":{\"visualType\":\"lineChart\",\"projections\":{\"Category\":[{\"queryRef\":\"gold_fact_sale.Shipping_Date\",\"active\":true}],\"Y\":[{\"queryRef\":\"Sum(gold_fact_sale.Profit)\"}]},\"prototypeQuery\":{\"Version\":2,\"From\":[{\"Name\":\"g\",\"Entity\":\"gold_fact_sale\",\"Type\":0}],\"Select\":[{\"Column\":{\"Expression\":{\"SourceRef\":{\"Source\":\"g\"}},\"Property\":\"Shipping_Date\"},\"Name\":\"gold_fact_sale.Shipping_Date\",\"NativeReferenceName\":\"Shipping_Date\"},{\"Aggregation\":{\"Expression\":{\"Column\":{\"Expression\":{\"SourceRef\":{\"Source\":\"g\"}},\"Property\":\"Profit\"}},\"Function\":0},\"Name\":\"Sum(gold_fact_sale.Profit)\",\"NativeReferenceName\":\"Sum of Profit\"}],\"OrderBy\":[{\"Direction\":1,\"Expression\":{\"Column\":{\"Expression\":{\"SourceRef\":{\"Source\":\"g\"}},\"Property\":\"Shipping_Date\"}}}]},\"columnProperties\":{\"Sum(gold_fact_sale.Profit)\":{\"displayName\":\"Sum of Profit\"}},\"drillFilterOtherVisuals\":true,\"objects\":{\"labels\":[{\"properties\":{\"show\":{\"expr\":{\"Literal\":{\"Value\":\"false\"}}}}}],\"dataPoint\":[{\"properties\":{\"fill\":{\"solid\":{\"color\":{\"expr\":{\"ThemeDataColor\":{\"ColorId\":3,\"Percent\":0}}}}}},\"selector\":{\"metadata\":\"Sum(gold_fact_sale.Profit)\"}}]},\"vcObjects\":{\"visualHeader\":[{\"properties\":{\"showCopyVisualImageButton\":{\"expr\":{\"Literal\":{\"Value\":\"false\"}}},\"showFilterRestatementButton\":{\"expr\":{\"Literal\":{\"Value\":\"false\"}}},\"showFocusModeButton\":{\"expr\":{\"Literal\":{\"Value\":\"false\"}}},\"showPinButton\":{\"expr\":{\"Literal\":{\"Value\":\"false\"}}}}}]}}}",
          "filters": "[]",
          "height": 282.00,
          "width": 606.00,
          "x": 654.00,
          "y": 96.00,
          "z": 7000.00
        },
        {
          "config": "{\"name\":\"253a9fd70cab24d1b938\",\"layouts\":[{\"id\":0,\"position\":{\"width\":622,\"height\":306,\"x\":646,\"y\":84,\"tabOrder\":-3000,\"z\":2000}}],\"singleVisual\":{\"visualType\":\"shape\",\"drillFilterOtherVisuals\":true,\"objects\":{\"fill\":[{\"properties\":{\"show\":{\"expr\":{\"Literal\":{\"Value\":\"false\"}}}}}],\"outline\":[{\"properties\":{\"show\":{\"expr\":{\"Literal\":{\"Value\":\"false\"}}}}}],\"shape\":[{\"properties\":{\"tileShape\":{\"expr\":{\"Literal\":{\"Value\":\"'rectangle'\"}}}}}]},\"vcObjects\":{\"border\":[{\"properties\":{\"show\":{\"expr\":{\"Literal\":{\"Value\":\"true\"}}},\"radius\":{\"expr\":{\"Literal\":{\"Value\":\"4M\"}}},\"color\":{\"solid\":{\"color\":{\"expr\":{\"Literal\":{\"Value\":\"'#E6E6E6'\"}}}}}}}],\"dropShadow\":[{\"properties\":{\"show\":{\"expr\":{\"Literal\":{\"Value\":\"true\"}}},\"preset\":{\"expr\":{\"Literal\":{\"Value\":\"'Custom'\"}}},\"shadowBlur\":{\"expr\":{\"Literal\":{\"Value\":\"3M\"}}},\"shadowDistance\":{\"expr\":{\"Literal\":{\"Value\":\"1M\"}}},\"shadowSpread\":{\"expr\":{\"Literal\":{\"Value\":\"1M\"}}},\"transparency\":{\"expr\":{\"Literal\":{\"Value\":\"87M\"}}}}}]}}}",
          "filters": "[]",
          "height": 306.00,
          "width": 622.00,
          "x": 646.00,
          "y": 84.00,
          "z": 2000.00
        },
        {
          "config": "{\"name\":\"2858e437d4b8c24beb64\",\"layouts\":[{\"id\":0,\"position\":{\"width\":305,\"height\":306,\"x\":646,\"y\":402,\"tabOrder\":-4000,\"z\":3000}}],\"singleVisual\":{\"visualType\":\"shape\",\"drillFilterOtherVisuals\":true,\"objects\":{\"fill\":[{\"properties\":{\"show\":{\"expr\":{\"Literal\":{\"Value\":\"false\"}}}}}],\"outline\":[{\"properties\":{\"show\":{\"expr\":{\"Literal\":{\"Value\":\"false\"}}}}}],\"shape\":[{\"properties\":{\"tileShape\":{\"expr\":{\"Literal\":{\"Value\":\"'rectangle'\"}}}}}]},\"vcObjects\":{\"border\":[{\"properties\":{\"show\":{\"expr\":{\"Literal\":{\"Value\":\"true\"}}},\"radius\":{\"expr\":{\"Literal\":{\"Value\":\"4M\"}}},\"color\":{\"solid\":{\"color\":{\"expr\":{\"Literal\":{\"Value\":\"'#E6E6E6'\"}}}}}}}],\"dropShadow\":[{\"properties\":{\"show\":{\"expr\":{\"Literal\":{\"Value\":\"true\"}}},\"preset\":{\"expr\":{\"Literal\":{\"Value\":\"'Custom'\"}}},\"shadowBlur\":{\"expr\":{\"Literal\":{\"Value\":\"3M\"}}},\"shadowDistance\":{\"expr\":{\"Literal\":{\"Value\":\"1M\"}}},\"shadowSpread\":{\"expr\":{\"Literal\":{\"Value\":\"1M\"}}},\"transparency\":{\"expr\":{\"Literal\":{\"Value\":\"87M\"}}}}}]}}}",
          "filters": "[]",
          "height": 306.00,
          "width": 305.00,
          "x": 646.00,
          "y": 402.00,
          "z": 3000.00
        },
        {
          "config": "{\"name\":\"2a629f9bf3e3b669bf1b\",\"layouts\":[{\"id\":0,\"position\":{\"width\":305,\"height\":306,\"x\":963,\"y\":402,\"tabOrder\":-5000,\"z\":4000}}],\"singleVisual\":{\"visualType\":\"shape\",\"drillFilterOtherVisuals\":true,\"objects\":{\"fill\":[{\"properties\":{\"show\":{\"expr\":{\"Literal\":{\"Value\":\"false\"}}}}}],\"outline\":[{\"properties\":{\"show\":{\"expr\":{\"Literal\":{\"Value\":\"false\"}}}}}],\"shape\":[{\"properties\":{\"tileShape\":{\"expr\":{\"Literal\":{\"Value\":\"'rectangle'\"}}}}}]},\"vcObjects\":{\"border\":[{\"properties\":{\"show\":{\"expr\":{\"Literal\":{\"Value\":\"true\"}}},\"radius\":{\"expr\":{\"Literal\":{\"Value\":\"4M\"}}},\"color\":{\"solid\":{\"color\":{\"expr\":{\"Literal\":{\"Value\":\"'#E6E6E6'\"}}}}}}}],\"dropShadow\":[{\"properties\":{\"show\":{\"expr\":{\"Literal\":{\"Value\":\"true\"}}},\"preset\":{\"expr\":{\"Literal\":{\"Value\":\"'Custom'\"}}},\"shadowBlur\":{\"expr\":{\"Literal\":{\"Value\":\"3M\"}}},\"shadowDistance\":{\"expr\":{\"Literal\":{\"Value\":\"1M\"}}},\"shadowSpread\":{\"expr\":{\"Literal\":{\"Value\":\"1M\"}}},\"transparency\":{\"expr\":{\"Literal\":{\"Value\":\"87M\"}}}}}]}}}",
          "filters": "[]",
          "height": 306.00,
          "width": 305.00,
          "x": 963.00,
          "y": 402.00,
          "z": 4000.00
        },
        {
          "config": "{\"name\":\"4b516290c0728bfcd431\",\"layouts\":[{\"id\":0,\"position\":{\"x\":20,\"y\":96,\"width\":606,\"height\":458,\"tabOrder\":4000,\"z\":9000}}],\"singleVisual\":{\"visualType\":\"lineChart\",\"projections\":{\"Category\":[{\"queryRef\":\"gold_date.BusinessDate\",\"active\":true}],\"Y\":[{\"queryRef\":\"Count(gold_fact_sale)\"},{\"queryRef\":\"Sum(gold_fact_sale.Profit)\"}]},\"prototypeQuery\":{\"Version\":2,\"From\":[{\"Name\":\"g\",\"Entity\":\"gold_date\",\"Type\":0},{\"Name\":\"g1\",\"Entity\":\"gold_fact_sale\",\"Type\":0}],\"Select\":[{\"Column\":{\"Expression\":{\"SourceRef\":{\"Source\":\"g\"}},\"Property\":\"BusinessDate\"},\"Name\":\"gold_date.BusinessDate\",\"NativeReferenceName\":\"BusinessDate\"},{\"Aggregation\":{\"Expression\":{\"SourceRef\":{\"Source\":\"g1\"}},\"Function\":2},\"Name\":\"Count(gold_fact_sale)\",\"NativeReferenceName\":\"Count of gold_fact_sale\"},{\"Aggregation\":{\"Expression\":{\"Column\":{\"Expression\":{\"SourceRef\":{\"Source\":\"g1\"}},\"Property\":\"Profit\"}},\"Function\":0},\"Name\":\"Sum(gold_fact_sale.Profit)\",\"NativeReferenceName\":\"Sum of Profit\"}],\"OrderBy\":[{\"Direction\":1,\"Expression\":{\"Column\":{\"Expression\":{\"SourceRef\":{\"Source\":\"g\"}},\"Property\":\"BusinessDate\"}}}]},\"columnProperties\":{\"Count(gold_fact_sale)\":{\"displayName\":\"Count of gold_fact_sale\"},\"Sum(gold_fact_sale.Profit)\":{\"displayName\":\"Sum of Profit\"}},\"drillFilterOtherVisuals\":true,\"objects\":{\"labels\":[{\"properties\":{\"show\":{\"expr\":{\"Literal\":{\"Value\":\"false\"}}}}}],\"dataPoint\":[{\"properties\":{\"fill\":{\"solid\":{\"color\":{\"expr\":{\"ThemeDataColor\":{\"ColorId\":2,\"Percent\":0}}}}}},\"selector\":{\"metadata\":\"Count(gold_fact_sale)\"}},{\"properties\":{\"fill\":{\"solid\":{\"color\":{\"expr\":{\"ThemeDataColor\":{\"ColorId\":3,\"Percent\":0}}}}}},\"selector\":{\"metadata\":\"Sum(gold_fact_sale.Profit)\"}}]},\"vcObjects\":{\"visualHeader\":[{\"properties\":{\"showCopyVisualImageButton\":{\"expr\":{\"Literal\":{\"Value\":\"false\"}}},\"showFilterRestatementButton\":{\"expr\":{\"Literal\":{\"Value\":\"false\"}}},\"showFocusModeButton\":{\"expr\":{\"Literal\":{\"Value\":\"false\"}}},\"showPinButton\":{\"expr\":{\"Literal\":{\"Value\":\"false\"}}}}}]}}}",
          "filters": "[]",
          "height": 458.00,
          "width": 606.00,
          "x": 20.00,
          "y": 96.00,
          "z": 9000.00
        },
        {
          "config": "{\"name\":\"76e7370c47d9fcb08256\",\"layouts\":[{\"id\":0,\"position\":{\"x\":858,\"y\":12,\"height\":50,\"width\":199,\"tabOrder\":6000,\"z\":11000}}],\"singleVisual\":{\"visualType\":\"multiRowCard\",\"projections\":{\"Values\":[{\"queryRef\":\"Count(gold_fact_sale)\"}]},\"prototypeQuery\":{\"Version\":2,\"From\":[{\"Name\":\"g1\",\"Entity\":\"gold_fact_sale\",\"Type\":0}],\"Select\":[{\"Aggregation\":{\"Expression\":{\"SourceRef\":{\"Source\":\"g1\"}},\"Function\":2},\"Name\":\"Count(gold_fact_sale)\",\"NativeReferenceName\":\"Count of gold_fact_sale\"}]},\"columnProperties\":{\"Count(gold_fact_sale)\":{\"displayName\":\"Count of gold_fact_sale\"}},\"drillFilterOtherVisuals\":true,\"objects\":{\"card\":[{\"properties\":{\"barColor\":{\"solid\":{\"color\":{\"expr\":{\"ThemeDataColor\":{\"ColorId\":2,\"Percent\":0}}}}},\"barWeight\":{\"expr\":{\"Literal\":{\"Value\":\"4L\"}}}}}],\"dataLabels\":[{\"properties\":{\"fontFamily\":{\"expr\":{\"Literal\":{\"Value\":\"'Segoe UI'\"}}},\"fontSize\":{\"expr\":{\"Literal\":{\"Value\":\"11L\"}}}}}],\"categoryLabels\":[{\"properties\":{\"color\":{\"solid\":{\"color\":{\"expr\":{\"ThemeDataColor\":{\"ColorId\":1,\"Percent\":0.4}}}}},\"fontSize\":{\"expr\":{\"Literal\":{\"Value\":\"11L\"}}}}}]},\"vcObjects\":{\"visualHeader\":[{\"properties\":{\"showCopyVisualImageButton\":{\"expr\":{\"Literal\":{\"Value\":\"false\"}}},\"showFilterRestatementButton\":{\"expr\":{\"Literal\":{\"Value\":\"false\"}}},\"showFocusModeButton\":{\"expr\":{\"Literal\":{\"Value\":\"false\"}}},\"showPinButton\":{\"expr\":{\"Literal\":{\"Value\":\"false\"}}},\"showPersonalizeVisualButton\":{\"expr\":{\"Literal\":{\"Value\":\"false\"}}}}}]}}}",
          "filters": "[]",
          "height": 50.00,
          "width": 199.00,
          "x": 858.00,
          "y": 12.00,
          "z": 11000.00
        },
        {
          "config": "{\"name\":\"9b109b60211e6139aaaa\",\"layouts\":[{\"id\":0,\"position\":{\"x\":1069,\"y\":12,\"height\":50,\"width\":199,\"tabOrder\":5000,\"z\":10000}}],\"singleVisual\":{\"visualType\":\"multiRowCard\",\"projections\":{\"Values\":[{\"queryRef\":\"Sum(gold_fact_sale.Profit)\"}]},\"prototypeQuery\":{\"Version\":2,\"From\":[{\"Name\":\"g1\",\"Entity\":\"gold_fact_sale\",\"Type\":0}],\"Select\":[{\"Aggregation\":{\"Expression\":{\"Column\":{\"Expression\":{\"SourceRef\":{\"Source\":\"g1\"}},\"Property\":\"Profit\"}},\"Function\":0},\"Name\":\"Sum(gold_fact_sale.Profit)\",\"NativeReferenceName\":\"Sum of Profit\"}]},\"columnProperties\":{\"Sum(gold_fact_sale.Profit)\":{\"displayName\":\"Sum of Profit\"}},\"drillFilterOtherVisuals\":true,\"objects\":{\"card\":[{\"properties\":{\"barColor\":{\"solid\":{\"color\":{\"expr\":{\"ThemeDataColor\":{\"ColorId\":3,\"Percent\":0}}}}},\"barWeight\":{\"expr\":{\"Literal\":{\"Value\":\"4L\"}}}}}],\"dataLabels\":[{\"properties\":{\"fontFamily\":{\"expr\":{\"Literal\":{\"Value\":\"'Segoe UI'\"}}},\"fontSize\":{\"expr\":{\"Literal\":{\"Value\":\"11L\"}}}}}],\"categoryLabels\":[{\"properties\":{\"color\":{\"solid\":{\"color\":{\"expr\":{\"ThemeDataColor\":{\"ColorId\":1,\"Percent\":0.4}}}}},\"fontSize\":{\"expr\":{\"Literal\":{\"Value\":\"11L\"}}}}}]},\"vcObjects\":{\"visualHeader\":[{\"properties\":{\"showCopyVisualImageButton\":{\"expr\":{\"Literal\":{\"Value\":\"false\"}}},\"showFilterRestatementButton\":{\"expr\":{\"Literal\":{\"Value\":\"false\"}}},\"showFocusModeButton\":{\"expr\":{\"Literal\":{\"Value\":\"false\"}}},\"showPinButton\":{\"expr\":{\"Literal\":{\"Value\":\"false\"}}},\"showPersonalizeVisualButton\":{\"expr\":{\"Literal\":{\"Value\":\"false\"}}}}}]}}}",
          "filters": "[]",
          "height": 50.00,
          "width": 199.00,
          "x": 1069.00,
          "y": 12.00,
          "z": 10000.00
        },
        {
          "config": "{\"name\":\"becc6934db9c3c120f85\",\"layouts\":[{\"id\":0,\"position\":{\"x\":12,\"y\":58,\"height\":26,\"width\":1256,\"tabOrder\":-1000,\"z\":0}}],\"singleVisual\":{\"visualType\":\"shape\",\"drillFilterOtherVisuals\":true,\"objects\":{\"outline\":[{\"properties\":{\"lineColor\":{\"solid\":{\"color\":{\"expr\":{\"ThemeDataColor\":{\"ColorId\":0,\"Percent\":-0.1}}}}},\"weight\":{\"expr\":{\"Literal\":{\"Value\":\"1M\"}}}},\"selector\":{\"id\":\"default\"}}],\"rotation\":[{\"properties\":{\"shapeAngle\":{\"expr\":{\"Literal\":{\"Value\":\"0L\"}}}}}],\"shape\":[{\"properties\":{\"tileShape\":{\"expr\":{\"Literal\":{\"Value\":\"'line'\"}}}}}]},\"vcObjects\":{\"background\":[{\"properties\":{\"show\":{\"expr\":{\"Literal\":{\"Value\":\"false\"}}}}}],\"title\":[{\"properties\":{\"show\":{\"expr\":{\"Literal\":{\"Value\":\"false\"}}}}}]}}}",
          "filters": "[]",
          "height": 26.00,
          "width": 1256.00,
          "x": 12.00,
          "y": 58.00,
          "z": 0.00
        },
        {
          "config": "{\"name\":\"c31f582655fd25342f5b\",\"layouts\":[{\"id\":0,\"position\":{\"width\":289,\"height\":282,\"x\":971,\"y\":414,\"tabOrder\":0,\"z\":5000}}],\"singleVisual\":{\"visualType\":\"lineChart\",\"projections\":{\"Category\":[{\"queryRef\":\"gold_fact_sale.Shipping_Date\",\"active\":true}],\"Y\":[{\"queryRef\":\"Count(gold_fact_sale)\"}]},\"prototypeQuery\":{\"Version\":2,\"From\":[{\"Name\":\"g\",\"Entity\":\"gold_fact_sale\",\"Type\":0}],\"Select\":[{\"Column\":{\"Expression\":{\"SourceRef\":{\"Source\":\"g\"}},\"Property\":\"Shipping_Date\"},\"Name\":\"gold_fact_sale.Shipping_Date\",\"NativeReferenceName\":\"Shipping_Date\"},{\"Aggregation\":{\"Expression\":{\"SourceRef\":{\"Source\":\"g\"}},\"Function\":2},\"Name\":\"Count(gold_fact_sale)\",\"NativeReferenceName\":\"Count of gold_fact_sale\"}],\"OrderBy\":[{\"Direction\":1,\"Expression\":{\"Column\":{\"Expression\":{\"SourceRef\":{\"Source\":\"g\"}},\"Property\":\"Shipping_Date\"}}}]},\"columnProperties\":{\"Count(gold_fact_sale)\":{\"displayName\":\"Count of gold_fact_sale\"}},\"drillFilterOtherVisuals\":true,\"objects\":{\"labels\":[{\"properties\":{\"show\":{\"expr\":{\"Literal\":{\"Value\":\"false\"}}}}}],\"dataPoint\":[{\"properties\":{\"fill\":{\"solid\":{\"color\":{\"expr\":{\"ThemeDataColor\":{\"ColorId\":2,\"Percent\":0}}}}}},\"selector\":{\"metadata\":\"Count(gold_fact_sale)\"}}]},\"vcObjects\":{\"visualHeader\":[{\"properties\":{\"showCopyVisualImageButton\":{\"expr\":{\"Literal\":{\"Value\":\"false\"}}},\"showFilterRestatementButton\":{\"expr\":{\"Literal\":{\"Value\":\"false\"}}},\"showFocusModeButton\":{\"expr\":{\"Literal\":{\"Value\":\"false\"}}},\"showPinButton\":{\"expr\":{\"Literal\":{\"Value\":\"false\"}}}}}]}}}",
          "filters": "[]",
          "height": 282.00,
          "width": 289.00,
          "x": 971.00,
          "y": 414.00,
          "z": 5000.00
        },
        {
          "config": "{\"name\":\"d1199911159672adeb81\",\"layouts\":[{\"id\":0,\"position\":{\"x\":20,\"y\":566,\"width\":606,\"height\":129,\"tabOrder\":3000,\"z\":8000}}],\"singleVisual\":{\"visualType\":\"textbox\",\"drillFilterOtherVisuals\":true}}",
          "filters": "[]",
          "height": 129.00,
          "width": 606.00,
          "x": 20.00,
          "y": 566.00,
          "z": 8000.00
        },
        {
          "config": "{\"name\":\"f097148083b63b650ec1\",\"layouts\":[{\"id\":0,\"position\":{\"x\":12,\"y\":84,\"width\":622,\"height\":624,\"tabOrder\":-2000,\"z\":1000}}],\"singleVisual\":{\"visualType\":\"shape\",\"drillFilterOtherVisuals\":true,\"objects\":{\"fill\":[{\"properties\":{\"show\":{\"expr\":{\"Literal\":{\"Value\":\"false\"}}}}}],\"outline\":[{\"properties\":{\"show\":{\"expr\":{\"Literal\":{\"Value\":\"false\"}}}}}],\"shape\":[{\"properties\":{\"tileShape\":{\"expr\":{\"Literal\":{\"Value\":\"'rectangle'\"}}}}}]},\"vcObjects\":{\"border\":[{\"properties\":{\"show\":{\"expr\":{\"Literal\":{\"Value\":\"true\"}}},\"radius\":{\"expr\":{\"Literal\":{\"Value\":\"4M\"}}},\"color\":{\"solid\":{\"color\":{\"expr\":{\"Literal\":{\"Value\":\"'#E6E6E6'\"}}}}}}}],\"dropShadow\":[{\"properties\":{\"show\":{\"expr\":{\"Literal\":{\"Value\":\"true\"}}},\"preset\":{\"expr\":{\"Literal\":{\"Value\":\"'Custom'\"}}},\"shadowBlur\":{\"expr\":{\"Literal\":{\"Value\":\"3M\"}}},\"shadowDistance\":{\"expr\":{\"Literal\":{\"Value\":\"1M\"}}},\"shadowSpread\":{\"expr\":{\"Literal\":{\"Value\":\"1M\"}}},\"transparency\":{\"expr\":{\"Literal\":{\"Value\":\"87M\"}}}}}]}}}",
          "filters": "[]",
          "height": 624.00,
          "width": 622.00,
          "x": 12.00,
          "y": 84.00,
          "z": 1000.00
        },
        {
          "config": "{\"name\":\"f8d8f546c5ccedbb08d1\",\"layouts\":[{\"id\":0,\"position\":{\"x\":12,\"y\":33,\"height\":32,\"width\":306,\"tabOrder\":7000,\"z\":12000}}],\"singleVisual\":{\"visualType\":\"textbox\",\"drillFilterOtherVisuals\":true,\"objects\":{\"general\":[{\"properties\":{\"paragraphs\":[{\"textRuns\":[{\"value\":\"sm_EndTo_End\",\"textStyle\":{\"fontSize\":\"12pt\",\"color\":\"#605e5c\"}}]}]}}]},\"vcObjects\":{}}}",
          "filters": "[]",
          "height": 32.00,
          "width": 306.00,
          "x": 12.00,
          "y": 33.00,
          "z": 12000.00
        }
      ],
      "width": 1280.00
    }
  ]
}